Code,Total,Dem,Rep,Other,Obama,Romney,Dem_share,Rep_share,Winner
AL-01,"152,234","48,278","103,758",198,"111,735","184,786",31.70%,68.20%,R
AL-02,"167,952","54,692","113,103",157,"105,572","182,287",32.60%,67.30%,R
AL-03,"156,620","52,816","103,558",246,"103,089","174,465",33.70%,66.10%,R
AL-04,"134,752",0,"132,831","1,921","65,818","205,423",0%,98.60%,R
AL-05,"154,974",0,"115,338","39,636","103,598","189,860",0%,74.40%,R
AL-06,"178,449","42,291","135,945",213,"77,517","233,566",23.70%,76.20%,R
AL-07,"135,899","133,687",0,"2,212","228,276","85,488",98.40%,0%,D
AK-AL,"279,725","114,596","142,566","22,563","122,640","164,676",41.00%,51.00%,R
AZ-01,"185,114","97,391","87,723",0,"124,550","131,115",52.60%,47.40%,D
AZ-02,"219,351","109,543","109,704",104,"144,966","149,651",49.90%,50.00%,R
AZ-03,"104,428","58,192","46,185",51,"108,902","65,482",55.70%,44.20%,D
AZ-04,"175,179","45,179","122,560","7,440","80,035","173,394",25.80%,70.00%,R
AZ-05,"179,463","54,596","124,867",0,"101,511","187,304",30.40%,69.60%,R
AZ-06,"199,776","70,198","129,578",0,"121,661","186,537",35.10%,64.90%,R
AZ-07,"72,454","54,235",0,"18,219","101,028","37,353",74.90%,0%,D
AZ-08,"169,776",0,"128,710","41,066","107,335","179,555",0%,75.80%,R
AZ-09,"162,062","88,609","67,841","5,612","135,244","123,263",54.70%,41.90%,D
AR-01,"196,256","63,555","124,139","8,562","92,086","154,549",32.40%,63.30%,R
AR-02,"237,330","103,477","123,073","10,780","125,527","160,140",43.60%,51.90%,R
AR-03,"190,935",0,"151,630","39,305","81,413","168,703",0%,79.40%,R
AR-04,"206,131","87,742","110,789","7,600","95,383","164,352",42.60%,53.70%,R
CA-01,"216,372","84,320","132,052",0,"122,379","171,902",39.00%,61.00%,R
CA-02,"217,524","163,124","54,400",0,"230,212","89,908",75.00%,25.00%,D
CA-03,"150,260","79,224","71,036",0,"131,237","104,145",52.70%,47.30%,D
CA-04,"211,134",0,"211,134",0,"133,473","195,386",0%,100%,R
CA-05,"171,148","129,613",0,"41,535","199,924","78,703",75.70%,0%,D
CA-06,"133,456","97,008","36,448",0,"156,141","63,862",72.70%,27.30%,D
CA-07,"183,587","92,521","91,066",0,"145,147","133,888",50.40%,49.60%,D
CA-08,"114,536","37,056","77,480",0,"88,579","118,278",32.40%,67.60%,R
CA-09,"121,204","63,475","57,729",0,"127,418","88,403",52.40%,47.60%,D
CA-10,"125,705","55,123","70,582",0,"108,923","101,160",43.90%,56.10%,R
CA-11,"174,662","117,502","57,160",0,"203,699","90,226",67.30%,32.70%,D
CA-12,"192,264","160,067","32,197",0,"269,461","40,003",83.30%,16.70%,D
CA-13,"190,431","168,491","21,940",0,"268,093","27,474",88.50%,11.50%,D
CA-14,"149,146","114,389","34,757",0,"200,343","63,589",76.70%,23.30%,D
CA-15,"142,904","99,756","43,148",0,"177,243","77,748",69.80%,30.20%,D
CA-16,"91,220","46,277","44,943",0,"88,973","59,808",50.70%,49.30%,D
CA-17,"134,408","134,408",0,0,"163,862","58,193",100%,0%,D
CA-18,"196,386","133,060","63,326",0,"218,082","92,457",67.80%,32.20%,D
CA-19,"127,788","127,788",0,0,"165,530","61,643",100%,0%,D
CA-20,"141,044","106,034",0,"35,010","168,956","62,427",75.20%,0%,D
CA-21,"79,377","33,470","45,907",0,"65,146","51,917",42.20%,57.80%,R
CA-22,"133,342","37,289","96,053",0,"92,005","125,213",28.00%,72.00%,R
CA-23,"134,043","33,726","100,317",0,"82,119","139,816",25.20%,74.80%,R
CA-24,"198,794","103,228","95,566",0,"158,119","126,049",51.90%,48.10%,D
CA-25,"114,072",0,"114,072",0,"120,701","125,258",0%,100%,R
CA-26,"169,829","87,176","82,653",0,"147,753","119,677",51.30%,48.70%,D
CA-27,"127,580","75,728","51,852",0,"161,528","90,278",59.40%,40.60%,D
CA-28,"120,264","91,996",0,"28,268","187,441","70,757",76.50%,0%,D
CA-29,"67,141","50,096","17,045",0,"129,323","34,454",74.60%,25.40%,D
CA-30,"131,883","86,568","45,315",0,"186,301","91,680",65.60%,34.40%,D
CA-31,"99,784","51,622","48,162",0,"118,043","83,822",51.70%,48.30%,D
CA-32,"84,406","50,353","34,053",0,"133,061","66,269",59.70%,40.30%,D
CA-33,"183,031","108,331","74,700",0,"210,010","127,421",59.20%,40.80%,D
CA-34,"61,607","61,607",0,0,"127,510","21,739",100%,0%,D
CA-35,"62,255","62,255",0,0,"108,983","49,433",100%,0%,D
CA-36,"134,139","72,682","61,457",0,"107,914","101,156",54.20%,45.80%,D
CA-37,"114,838","96,787","18,051",0,"222,329","33,307",84.30%,15.70%,D
CA-38,"98,480","58,192","40,288",0,"149,141","75,780",59.10%,40.90%,D
CA-39,"133,225","41,906","91,319",0,"124,108","133,742",31.50%,68.50%,R
CA-40,"49,379","49,379",0,0,"115,637","23,446",100%,0%,D
CA-41,"82,884","46,948","35,936",0,"114,040","67,314",56.60%,43.40%,D
CA-42,"113,390","38,850","74,540",0,"96,212","131,438",34.30%,65.70%,R
CA-43,"98,202","69,681","28,521",0,"173,342","44,485",71.00%,29.00%,D
CA-44,"68,862","59,670",0,"9,192","155,459","24,995",86.70%,0%,D
CA-45,"162,902","56,819","106,083",0,"133,114","169,489",34.90%,65.10%,R
CA-46,"83,315","49,738","33,577",0,"95,479","56,252",59.70%,40.30%,D
CA-47,"123,400","69,091","54,309",0,"147,456","92,010",56.00%,44.00%,D
CA-48,"174,795","62,713","112,082",0,"133,103","169,249",35.90%,64.10%,R
CA-49,"163,142","64,981","98,161",0,"134,447","153,856",39.80%,60.20%,R
CA-50,"157,299","45,302","111,997",0,"102,649","165,104",28.80%,71.20%,R
CA-51,"81,950","56,373","25,577",0,"115,610","48,108",68.80%,31.20%,D
CA-52,"191,572","98,826","92,746",0,"163,911","143,726",51.60%,48.40%,D
CA-53,"148,044","87,104","60,940",0,"174,616","103,513",58.80%,41.20%,D
CO-01,"278,491","183,281","80,682","14,528","254,400","106,334",65.80%,29.00%,D
CO-02,"345,945","196,300","149,645",0,"255,209","174,095",56.70%,43.30%,D
CO-03,"281,141","100,364","163,011","17,766","163,886","185,459",35.70%,58.00%,R
CO-04,"286,507","83,727","185,292","17,488","140,404","209,415",29.20%,64.70%,R
CO-05,"262,855","105,673","157,182",0,"129,903","200,491",40.20%,59.80%,R
CO-06,"276,440","118,847","143,467","14,126","183,024","165,070",43.00%,51.90%,R
CO-07,"269,143","148,225","120,918",0,"196,276","144,379",55.10%,44.90%,D
CT-01,"217,696","135,686","78,520","3,490","200,960","112,982",62.30%,36.10%,D
CT-02,"227,750","141,851","80,842","5,057","177,544","135,235",62.30%,35.50%,D
CT-03,"210,420","141,197","69,223",0,"191,296","110,912",67.10%,32.90%,D
CT-04,"198,719","106,791","91,928",0,"170,884","136,600",53.70%,46.30%,D
CT-05,"211,123","112,550","96,625","1,948","164,621","139,347",53.30%,45.80%,D
DE-AL,"231,617","137,251","85,146","9,220","242,584","165,484",59.30%,36.80%,D
FL-01,"235,343","54,976","165,086","15,281",106814,242972,23.40%,70.10%,R
FL-02,"249,780","126,096","123,262",422,158751,178780,50.50%,49.30%,D
FL-03,"228,809","73,910","148,691","6,208",122708,202003,32.30%,65.00%,R
FL-04,"227,253",0,"177,887","49,366",123938,222443,0%,78.30%,R
FL-05,"171,577","112,340","59,237",0,196608,77414,65.50%,34.50%,D
FL-06,"265,817","99,563","166,254",0,149955,209150,37.50%,62.50%,R
FL-07,"227,164","73,011","144,474","9,679",156382,172042,32.10%,63.60%,R
FL-08,"274,513","93,724","180,728",61,153138,206074,34.10%,65.80%,R
FL-09,"173,878","93,850","74,963","5,065",170093,102173,54.00%,43.10%,D
FL-10,"232,574","89,426","143,128",20,149532,174484,38.50%,61.50%,R
FL-11,"272,294","90,786","181,508",0,143380,209720,33.30%,66.70%,R
FL-12,0,0,0,0,153386,185157,0%,100%,R
FL-13,"223,576",0,"168,172","55,404",171102,166087,0%,75.20%,R
FL-14,0,0,0,0,191255,99834,100%,0%,D
FL-15,"213,582",84832,128750,0,138145,161622,39.70%,60.30%,R
FL-16,"274,829","105,483","169,126",220,161079,194525,38.40%,61.50%,R
FL-17,"223,756","82,263","141,493",0,122440,172038,36.80%,63.20%,R
FL-18,"253,374","151,478","101,896",0,163067,177320,59.80%,40.20%,D
FL-19,"246,861","80,824","159,354","6,683",124296,194306,32.70%,64.60%,R
FL-20,"157,466","128,498","28,968",0,216641,44526,81.60%,18.40%,D
FL-21,"153,970","153,395",0,575,196227,125822,99.60%,0%,D
FL-22,"216,095","125,404","90,685",6,178229,147262,58.00%,42.00%,D
FL-23,"164,788","103,269","61,519",0,176266,108696,62.70%,37.30%,D
FL-24,149918,"129,192","15,239","5,487",227960,31710,86.20%,10.20%,D
FL-25,0,0,0,0,115565,120524,0%,100%,R
FL-26,"161,337","78,306","83,031",0,141449,123521,48.50%,51.50%,R
FL-27,0,0,0,0,129350,113241,0%,100%,R
GA-01,"156,512","61,175","95,337",0,"111,949","145,460",39.10%,60.90%,R
GA-02,"162,900","96,363","66,537",0,"153,998","107,242",59.20%,40.80%,D
GA-03,"156,277",0,"156,277",0,"97,746","195,071",0%,100%,R
GA-04,"161,211","161,211",0,0,"218,499","75,951",100%,0%,D
GA-05,"170,326","170,326",0,0,"241,217","45,887",100%,0%,D
GA-06,"210,504","71,486","139,018",0,"115,017","186,807",34.00%,66.00%,R
GA-07,"173,669","60,112","113,557",0,"101,065","158,854",34.60%,65.40%,R
GA-08,"129,938",0,"129,938",0,"99,677","163,908",0%,100%,R
GA-09,"181,047","34,988","146,059",0,"54,388","207,498",19.30%,80.70%,R
GA-10,"196,480","65,777","130,703",0,"107,039","184,160",33.50%,66.50%,R
GA-11,"161,532",0,"161,532",0,"94,447","201,014",0%,100%,R
GA-12,"166,814","75,478","91,336",0,"117,085","148,688",45.20%,54.80%,R
GA-13,"159,445","159,445",0,0,"202,794","87,785",100%,0%,D
GA-14,"118,782",0,"118,782",0,"58,906","170,364",0%,100%,R
HI-01,"179,844","93,390","86,454",0,"151,023","62,875",51.90%,48.10%,D
HI-02,"180,333","142,010","33,630","4,693","155,635","58,140",78.70%,18.60%,D
ID-01,"220,864","77,277","143,580",7,"105,645","213,080",35.00%,65.00%,R
ID-02,"214,293","82,801","131,492",0,"107,142","207,831",38.60%,61.40%,R
IL-01,"222,017","162,268","59,749",0,"262,668","67,367",73.10%,26.90%,D
IL-02,"204,266","160,337","43,799",130,"251,147","57,674",78.50%,21.40%,D
IL-03,"180,855","116,764","64,091",0,"143,676","109,396",64.60%,35.40%,D
IL-04,"101,944","79,666","22,278",0,"137,065","28,899",78.10%,21.90%,D
IL-05,"184,019","116,364","56,350","11,305","188,324","90,747",63.20%,30.60%,D
IL-06,"238,752","78,465","160,287",0,"151,937","179,606",32.90%,67.10%,R
IL-07,"182,278","155,110","27,168",0,"264,185","35,713",85.10%,14.90%,D
IL-08,"151,056","84,178","66,878",0,"133,206","95,031",55.70%,44.30%,D
IL-09,"213,450","141,000","72,384",66,"200,656","102,689",66.10%,33.90%,D
IL-10,"187,128","91,136","95,992",0,"157,397","112,555",48.70%,51.30%,R
IL-11,"174,772","93,436","81,335",1,"152,265","107,028",53.50%,46.50%,D
IL-12,"209,738","87,860","110,038","11,840","154,346","149,339",41.90%,52.50%,R
IL-13,"210,272","86,935","123,337",0,"146,442","147,377",41.30%,58.70%,R
IL-14,"222,230","76,861","145,369",0,"139,858","171,582",34.60%,65.40%,R
IL-15,"221,926","55,652","166,274",0,"105,065","197,243",25.10%,74.90%,R
IL-16,"217,198","63,810","153,388",0,"137,165","160,606",29.40%,70.60%,R
IL-17,"199,361","110,560","88,785",16,"169,702","119,753",55.50%,44.50%,D
IL-18,"246,740","62,377","184,363",0,"125,036","202,785",25.30%,74.70%,R
IN-01,142293,86579,51000,"4,714","182,021","111,217",60.80%,35.80%,D
IN-02,145200,55590,85583,"4,027","116,324","154,841",38.30%,58.90%,R
IN-03,148793,39771,97892,"11,130","102,534","179,628",26.70%,65.80%,R
IN-04,142054,47056,94998,0,"103,103","170,245",33.10%,66.90%,R
IN-05,161440,49756,105277,"6,407","139,300","196,744",30.80%,65.20%,R
IN-06,155071,45509,102187,"7,375","106,371","172,456",29.30%,65.90%,R
IN-07,112261,61443,46887,"3,931","164,902","92,674",54.70%,41.80%,D
IN-08,171315,61384,103344,"6,587","116,465","171,648",35.80%,60.30%,R
IN-09,163387,55016,101594,"6,777","123,436","173,433",33.70%,62.20%,R
IA-01,"289,306","141,145","147,762",399,"225,585","170,753",48.80%,51.10%,R
IA-02,"273,329","143,431","129,455",443,"219,946","168,534",52.50%,47.40%,D
IA-03,"282,066","119,109","148,814","14,143","203,622","186,645",42.20%,52.80%,R
IA-04,"275,633","105,504","169,834",295,"173,391","204,685",38.30%,61.60%,R
KS-01,204161,65397,138764,0,"72,699","184,288",32.00%,68.00%,R
KS-02,225686,87153,128742,"9,791","124,370","163,082",38.60%,57.00%,R
KS-03,224280,89584,134493,203,"146,406","177,886",39.90%,60.00%,R
KS-04,208153,69396,138757,0,"96,433","164,553",33.30%,66.70%,R
KY-01,236618,63596,173022,0,"95,273","197,074",26.90%,73.10%,R
KY-02,226834,69898,156936,0,"103,432","186,207",30.80%,69.20%,R
KY-03,247355,157056,87981,"2,318","183,015","140,539",63.50%,35.60%,D
KY-04,222158,71694,150464,0,"108,328","197,131",32.30%,67.70%,R
KY-05,218967,47617,171350,0,"60,785","196,167",21.70%,78.30%,R
KY-06,245694,98290,147404,0,"128,537","170,076",40.00%,60.00%,R
LA-01,"244,004","46,047","189,250","8,707","89,418","235,877",18.90%,77.60%,R
LA-02,"221,564","190,000",0,"31,564","248,982","74,893",85.80%,0%,D
LA-03,"236,268",0,"207,926","28,342","107,611","220,490",0%,88.00%,R
LA-04,"207,919",0,"152,683","55,236","128,612","191,416",0%,73.40%,R
LA-05,"209,622","75,006","134,616",0,"124,102","201,058",35.80%,64.20%,R
LA-06,"222,990","83,781","139,209",0,"110,416","228,528",37.60%,62.40%,R
ME-01,"308,898","186,674","94,751","27,473","223,103","142,993",60.40%,30.70%,D
ME-02,"283,473","118,568","133,320","31,585","178,203","149,283",41.80%,47.00%,R
MD-01,"250,418","73,843","176,342",233,"133,521","213,073",29.50%,70.40%,R
MD-02,"196,354","120,412","70,411","5,531","195,997","109,488",61.30%,35.90%,D
MD-03,"215,946","128,594","87,029",323,"204,501","125,439",59.50%,40.30%,D
MD-04,"191,837","134,628","54,217","2,992","255,910","67,662",70.20%,28.30%,D
MD-05,"226,040","144,725","80,752",563,"234,954","114,638",64.00%,35.70%,D
MD-06,"190,536","94,704","91,930","3,902","179,172","137,744",49.70%,48.20%,D
MD-07,"206,809","144,639","55,860","6,310","251,845","74,614",69.90%,27.00%,D
MD-08,"225,097","136,722","87,859",516,"221,944","129,211",60.70%,39.00%,D
MA-01,"171,110","167,612",0,"3,498","213,423","114,339",98.00%,0%,D
MA-02,"172,745","169,640",0,"3,105","199,549","133,195",98.20%,0%,D
MA-03,"220,946","139,104","81,638",204,"189,461","137,869",63.00%,36.90%,D
MA-04,"188,098","184,158",0,"3,940","211,895","152,845",97.90%,0%,D
MA-05,"185,260","182,100",0,"3,160","235,984","119,934",98.30%,0%,D
MA-06,"272,219","149,638","111,989","10,592","212,003","169,966",55.00%,41.10%,D
MA-07,"144,546","142,133",0,"2,413","233,382","44,275",98.30%,0%,D
MA-08,"203,351","200,644",0,"2,707","213,364","150,825",98.70%,0%,D
MA-09,"255,541","140,413","114,971",157,"212,701","165,212",54.90%,45.00%,D
MI-01,"250,131","113,263","130,414","6,454","160,199","189,406",45.30%,52.10%,R
MI-02,"213,072","70,851","135,568","6,653","142,080","184,755",33.30%,63.60%,R
MI-03,"217,165","84,720","125,754","6,691","153,069","177,742",39.00%,57.90%,R
MI-04,"219,423","85,777","123,962","9,684","146,088","171,864",39.10%,56.50%,R
MI-05,"222,138","148,182","69,222","4,734","205,800","129,903",66.70%,31.20%,D
MI-06,"208,976","84,391","116,801","7,784","158,950","163,309",40.40%,55.90%,R
MI-07,"223,685","92,083","119,564","12,038","159,012","169,268",41.20%,53.50%,R
MI-08,"243,125","102,269","132,739","8,117","172,131","183,512",42.10%,54.60%,R
MI-09,"225,757","136,342","81,470","7,945","199,625","146,185",60.40%,36.10%,D
MI-10,"228,692","67,143","157,069","4,480","148,429","187,653",29.40%,68.70%,R
MI-11,"251,238","101,681","140,435","9,122","178,768","199,308",40.50%,55.90%,R
MI-12,"206,660","134,346","64,716","7,598","217,492","107,675",65.00%,31.30%,D
MI-13,"166,947","132,710","27,234","7,003","249,656","41,881",79.50%,16.30%,D
MI-14,"212,468","165,272","41,801","5,395","273,270","62,794",77.80%,19.70%,D
MN-01,"226,695","122,851","103,536",308,"170,377","165,720",54.20%,45.70%,D
MN-02,"245,848","95,565","137,778","12,505","184,802","184,576",38.90%,56.00%,R
MN-03,"269,585","101,846","167,515",224,"199,093","195,802",37.80%,62.10%,R
MN-04,"241,637","147,857","79,492","14,288","231,511","131,521",61.20%,32.90%,D
MN-05,"236,009","167,079","56,577","12,353","274,635","89,643",70.80%,24.00%,D
MN-06,"236,846","90,926","133,328","12,592","151,238","205,652",38.40%,56.30%,R
MN-07,"240,835","130,546","109,955",334,"147,750","180,334",54.20%,45.70%,D
MN-08,"266,083","129,090","125,358","11,635","186,761","166,977",48.50%,47.10%,D
MS-01,"151,111","43,713","102,622","4,776","118,438","197,984",28.90%,67.90%,R
MS-02,"148,646","100,688",0,"47,958","219,416","109,228",67.70%,0%,D
MS-03,"170,946","47,744","117,771","5,431","132,968","204,180",27.90%,68.90%,R
MS-04,"155,576","37,869","108,776","8,931","92,127","199,354",24.30%,69.90%,R
MO-01,"163,494","119,315","35,273","8,906","280,194","66,286",73.00%,21.60%,D
MO-02,"231,117","75,384","148,191","7,542","170,727","235,428",32.60%,64.10%,R
MO-03,"191,620","52,021","130,940","8,659","127,443","219,156",27.10%,68.30%,R
MO-04,"176,286","46,464","120,014","9,808","119,908","201,672",26.40%,68.10%,R
MO-05,"153,635","79,256","69,071","5,308","199,298","133,185",51.60%,45.00%,D
MO-06,"186,970","55,157","124,616","7,197","129,610","205,283",29.50%,66.70%,R
MO-07,"163,957","47,282","104,054","12,621","98,916","220,216",28.80%,63.50%,R
MO-08,"159,224","38,721","106,124","14,379","97,700","201,214",24.30%,66.70%,R
MT-AL,"367,963","148,690","203,871","15,402","201,839","267,928",40.40%,55.40%,R
NE-01,"179,057","55,838","123,219",0,"107,994","152,122",31.20%,68.80%,R
NE-02,"171,050","83,872","78,157","9,021","121,971","140,880",49.00%,45.70%,D
NE-03,"184,964","45,524","139,440",0,"72,116","182,062",24.60%,75.40%,R
NV-01,"80,299","45,643","30,413","4,243","123,205","60,813",56.80%,37.90%,D
NV-02,"186,210","52,016","122,402","11,792","131,542","155,187",27.90%,65.70%,R
NV-03,"145,719","52,644","88,528","4,547","140,501","138,238",36.10%,60.80%,R
NV-04,"130,781","59,844","63,466","7,471","136,124","109,330",45.80%,48.50%,R
NH-01,"242,736","116,769","125,508",459,"179,148","173,419",48.10%,51.70%,R
NH-02,"238,149","130,679","106,857",613,"190,413","156,499",54.90%,44.90%,D
NJ-01,"162,492","93,315","64,073","5,104","212,236","110,377",57.40%,39.40%,D
NJ-02,"177,148","66,026","108,875","2,247","166,906","141,479",37.30%,61.50%,R
NJ-03,"186,103","82,537","100,471","3,095","179,028","163,203",44.40%,54.00%,R
NJ-04,"174,849","54,415","118,826","1,608","148,622","180,439",31.10%,68.00%,R
NJ-05,"188,921","81,808","104,678","2,435","162,305","172,486",43.30%,55.40%,R
NJ-06,"120,457","72,190","46,891","1,376","163,391","99,466",59.90%,38.90%,D
NJ-07,"175,997","68,232","104,287","3,478","157,635","178,521",38.80%,59.30%,R
NJ-08,"79,518","61,510","15,141","2,867","162,232","43,032",77.40%,19.00%,D
NJ-09,"120,459","82,498","36,246","1,715","173,082","77,951",68.50%,30.10%,D
NJ-10,"112,123","95,734","14,154","2,235","239,483","31,379",85.40%,12.60%,D
NJ-11,"174,932","65,477","109,455",0,"163,493","183,775",37.40%,62.60%,R
NJ-12,"148,366","90,430","54,168","3,768","198,197","96,642",61.00%,36.50%,D
NM-01,"180,032","105,474","74,558",0,"155,915","111,749",58.60%,41.40%,D
NM-02,"147,777","52,499","95,209",69,"103,438","119,168",35.50%,64.40%,R
NM-03,"184,076","113,249","70,775",52,"155,982","104,871",61.50%,38.40%,D
NY-01,"172,865","78,722","94,035",108,"146,708","145,115",45.50%,54.40%,R
NY-02,"139,330","41,814","95,177","2,339","140,817","128,791",30.00%,68.30%,R
NY-03,"164,375","90,032","74,269",74,"155,451","147,617",54.80%,45.20%,D
NY-04,"170,099","89,793","80,127",179,"173,508","131,750",52.80%,47.10%,D
NY-05,"79,821","75,712",0,"4,109","192,374","19,325",94.90%,0%,D
NY-06,"55,963","55,368",0,595,"125,496","57,455",98.90%,0%,D
NY-07,"63,812","56,593","5,713","1,506","159,552","18,671",88.70%,9.00%,D
NY-08,"83,999","77,255",0,"6,744","210,018","23,869",92.00%,0%,D
NY-09,"92,569","82,659",0,"9,910","204,281","33,156",89.30%,0%,D
NY-10,"101,881","89,080",0,"12,801","173,650","58,992",87.40%,0%,D
NY-11,"107,363","45,244","58,886","3,233","110,407","101,262",42.10%,54.80%,R
NY-12,"113,429","90,603","22,731",95,"205,919","57,575",79.90%,20.00%,D
NY-13,"78,353","68,396",0,"9,957","219,361","10,558",87.30%,0%,D
NY-14,"57,204","50,352",0,"6,852","136,783","30,978",88.00%,0%,D
NY-15,"56,563","54,906",0,"1,657","171,366","5,315",97.10%,0%,D
NY-16,"100,391","99,658",0,733,"197,365","68,373",99.30%,0%,D
NY-17,"174,062","98,158","75,781",123,"168,020","123,190",56.40%,43.50%,D
NY-18,"179,091","88,993","85,660","4,438","149,610","137,144",49.70%,47.80%,D
NY-19,"204,173","72,470","131,594",109,"157,967","138,981",35.50%,64.50%,R
NY-20,"204,329","125,111","79,104",114,"186,460","122,230",61.20%,38.70%,D
NY-21,"174,668","59,063","96,226","19,379","138,889","122,471",33.80%,55.10%,R
NY-22,"131,932",0,"129,851","2,081","135,172","136,500",0%,98.40%,R
NY-23,"183,481","70,242","113,130",109,"133,949","137,312",38.30%,61.70%,R
NY-24,"199,222","80,304","118,474",444,"171,502","123,534",40.30%,59.50%,R
NY-25,"192,971","96,803","95,932",236,"187,753","125,897",50.20%,49.70%,D
NY-26,"166,124","113,210","52,909",5,"193,362","103,743",68.10%,31.80%,D
NY-27,"203,645","58,911","144,675",59,"140,176","180,703",28.90%,71.00%,R
NC-01,"210,323","154,333","55,990",0,"247,611","96,402",73.40%,26.60%,D
NC-02,"207,607","85,479","122,128",0,"134,016","183,972",41.20%,58.80%,R
NC-03,"205,597","66,182","139,415",0,"130,053","183,925",32.20%,67.80%,R
NC-04,"227,362","169,946","57,416",0,"258,202","99,068",74.70%,25.30%,D
NC-05,"228,252","88,973","139,279",0,"140,633","208,869",39.00%,61.00%,R
NC-06,"251,070","103,758","147,312",0,"154,073","214,871",41.30%,58.70%,R
NC-07,"226,504","84,054","134,431","8,019","136,091","202,259",37.10%,59.40%,R
NC-08,"187,422","65,854","121,568",0,"126,223","178,731",35.10%,64.90%,R
NC-09,"173,668",0,"163,080","10,588","164,739","216,215",0%,93.90%,R
NC-10,"218,796","85,292","133,504",0,"139,439","197,769",39.00%,61.00%,R
NC-11,"230,024","85,342","144,682",0,"127,563","205,553",37.10%,62.90%,R
NC-12,"172,664","130,096","42,568",0,"249,654","66,088",75.30%,24.70%,D
NC-13,"268,709","114,718","153,991",0,"170,093","216,674",42.70%,57.30%,R
ND-AL,"248,670","95,678","138,100","14,892","124,827","188,163",38.50%,55.50%,R
OH-01,"197,383","72,604","124,779",0,"168,195","190,504",36.80%,63.20%,R
OH-02,"201,111","68,453","132,658",0,"155,027","194,409",34.00%,66.00%,R
OH-03,"143,261","91,769","51,475",17,"217,969","90,434",64.10%,35.90%,D
OH-04,"186,072","60,165","125,907",0,"139,228","185,512",32.30%,67.70%,R
OH-05,"202,300","58,507","134,449","9,344","159,592","195,075",28.90%,66.50%,R
OH-06,"190,652","73,561","111,026","6,065","136,522","176,593",38.60%,58.20%,R
OH-07,"143,959",0,"143,959",0,"147,660","179,312",0%,100%,R
OH-08,"188,330","51,534","126,539","10,257","124,478","211,436",27.40%,67.20%,R
OH-09,"160,715","108,870","51,704",141,"217,146","99,223",67.70%,32.20%,D
OH-10,"200,606","63,249","130,752","6,605","172,942","179,813",31.50%,65.20%,R
OH-11,"172,566","137,105","35,461",0,"298,788","59,753",79.50%,20.50%,D
OH-12,"221,081","61,360","150,573","9,148","167,441","207,387",27.80%,68.10%,R
OH-13,"175,463","120,230","55,233",0,"212,616","119,625",68.50%,31.50%,D
OH-14,"214,580","70,856","135,736","7,988","179,769","192,270",33.00%,63.30%,R
OH-15,"194,621","66,125","128,496",0,"161,227","180,443",34.00%,66.00%,R
OH-16,"207,375","75,199","132,176",0,"169,108","199,650",36.30%,63.70%,R
OK-01,0,0,0,0,"98,321","188,961",0%,100%,R
OK-02,"158,407","38,964","110,925","8,518","81,179","170,983",24.60%,70.00%,R
OK-03,"169,605","36,270","133,335",0,"70,346","199,390",21.40%,78.60%,R
OK-04,"166,268","40,998","117,721","7,549","86,285","176,067",24.70%,70.80%,R
OK-05,"159,133","57,790","95,632","5,711","107,416","155,924",36.30%,60.10%,R
OR-01,"279,253","160,038","96,245","22,970","201,028","140,410",57.30%,34.50%,D
OR-02,"287,425","73,785","202,374","11,266","139,940","196,568",25.70%,70.40%,R
OR-03,"292,757","211,748","57,424","23,585","267,966","91,827",72.30%,19.60%,D
OR-04,"310,179","181,624","116,534","12,021","188,563","163,931",58.60%,37.60%,D
OR-05,"281,088","150,944","110,332","19,812","172,991","161,439",53.70%,39.30%,D
PA-01,"158,441","131,248","27,193",0,"244,605","50,211",82.80%,17.20%,D
PA-02,"206,538","181,141","25,397",0,"338,543","33,525",87.70%,12.30%,D
PA-03,"187,790","73,931","113,859",0,"132,484","171,121",39.40%,60.60%,R
PA-04,"197,340","50,250","147,090",0,"129,239","177,711",25.50%,74.50%,R
PA-05,"180,857","65,839","115,018",0,"119,958","165,210",36.40%,63.60%,R
PA-06,"212,544","92,901","119,643",0,"165,916","174,379",43.70%,56.30%,R
PA-07,"235,125","89,256","145,869",0,"177,252","183,955",38.00%,62.00%,R
PA-08,"222,498","84,767","137,731",0,"177,940","178,195",38.10%,61.90%,R
PA-09,"173,317","63,223","110,094",0,"100,907","176,724",36.50%,63.50%,R
PA-10,"180,322","44,737","112,851","22,734","108,944","170,277",24.80%,62.60%,R
PA-11,"184,692","62,228","122,464",0,"130,502","157,841",33.70%,66.30%,R
PA-12,"215,921","87,928","127,993",0,"141,918","200,396",40.70%,59.30%,R
PA-13,"184,150","123,601","60,549",0,"210,561","104,711",67.10%,32.90%,D
PA-14,"148,351","148,351",0,0,"230,750","103,977",100%,0%,D
PA-15,"128,285",0,"128,285",0,"147,234","156,165",0%,100%,R
PA-16,"176,235","74,513","101,722",0,"135,331","153,189",42.30%,57.70%,R
PA-17,"165,051","93,680","71,371",0,"156,019","121,870",56.80%,43.20%,D
PA-18,"166,076",0,"166,076",0,"142,178","200,985",0%,100.00%,R
RI-01,"146,353","87,060","58,877",416,"141,332","68,685",59.50%,40.20%,D
RI-02,"169,904","105,716","63,844",344,"138,345","88,519",62.20%,37.60%,D
SC-01,"127,815",0,"119,392","8,423","119,756","173,550",0%,93.40%,R
SC-02,"194,808","68,719","121,649","4,440","113,338","170,005",35.30%,62.40%,R
SC-03,"164,009","47,181","116,741",87,"89,494","170,173",28.80%,71.20%,R
SC-04,"149,049",0,"126,452","22,597","99,387","170,679",0%,84.80%,R
SC-05,"175,145","71,985","103,078",82,"124,832","157,710",41.10%,58.90%,R
SC-06,"173,432","125,747","44,311","3,374","195,131","77,299",72.50%,25.50%,D
SC-07,"171,524","68,576","102,833",115,"124,002","152,230",40.00%,60.00%,R
SD-AL,"276,319","92,485","183,834",0,"145,039","210,610",33.50%,66.50%,R
TN-01,"139,470",0,"115,533","23,937","65,767","186,310",0%,82.80%,R
TN-02,"166,751","37,612","120,883","8,256","85,525","186,368",22.60%,72.50%,R
TN-03,"156,097","53,983","97,344","4,770","95,226","171,838",34.60%,62.40%,R
TN-04,"145,418","51,357","84,815","9,246","86,133","169,977",35.30%,58.30%,R
TN-05,"154,276","96,148","55,078","3,050","152,939","116,229",62.30%,35.70%,D
TN-06,"162,097","37,232","115,231","9,634","82,297","192,662",23.00%,71.10%,R
TN-07,"157,907","42,280","110,534","5,093","92,042","183,757",26.80%,70.00%,R
TN-08,"172,595","42,433","122,255","7,907","100,213","201,645",24.60%,70.80%,R
TN-09,"116,550","87,376","27,173","2,001","200,568","53,544",75.00%,23.30%,D
TX-01,"148,560","33,476","115,084",0,"69,858","181,835",22.50%,77.50%,R
TX-02,"150,026","44,462","101,936","3,628","88,751","157,094",29.60%,67.90%,R
TX-03,"138,280",0,"113,404","24,876","93,290","175,383",0%,82.00%,R
TX-04,"115,085",0,"115,085",0,"63,559","189,554",0%,100%,R
TX-05,"104,262",0,"88,998","15,264","73,085","137,239",0%,85.40%,R
TX-06,"150,996","55,027","92,334","3,635","103,444","146,985",36.40%,61.10%,R
TX-07,"143,219","49,478","90,606","3,135","92,499","143,631",34.50%,63.30%,R
TX-08,"140,013",0,"125,066","14,947","55,273","195,742",0%,89.30%,R
TX-09,"86,003","78,109",0,"7,894","145,332","39,392",90.80%,0%,D
TX-10,"176,460","60,243","109,726","6,491","104,839","159,714",34.10%,62.20%,R
TX-11,"119,574",0,"107,939","11,635","45,070","182,355",0%,90.30%,R
TX-12,"158,730","41,757","113,186","3,787","79,147","166,992",26.30%,71.30%,R
TX-13,"131,451","16,822","110,842","3,787","42,521","184,104",12.80%,84.30%,R
TX-14,"145,698","52,545","90,116","3,037","97,958","147,213",36.10%,61.90%,R
TX-15,"90,184","48,708","39,016","2,460","86,941","62,885",54.00%,43.30%,D
TX-16,"73,105","49,338","21,324","2,443","100,993","54,315",67.50%,29.20%,D
TX-17,"132,865","43,049","85,807","4,009","84,531","135,309",32.40%,64.60%,R
TX-18,"106,010","76,097","26,249","3,664","150,129","44,991",71.80%,24.80%,D
TX-19,"115,825","21,325","89,326","5,174","54,461","160,141",18.40%,77.10%,R
TX-20,"87,964","66,554",0,"21,410","110,663","74,540",75.70%,0%,D
TX-21,"188,996",0,"135,660","53,336","119,220","188,241",0%,71.80%,R
TX-22,"151,566","47,844","100,861","2,861","93,582","158,452",31.60%,66.50%,R
TX-23,"115,429","55,037","57,459","2,933","94,420","99,666",47.70%,49.80%,R
TX-24,"144,073","46,548","93,712","3,813","94,634","150,547",32.30%,65.00%,R
TX-25,"177,883","64,463","107,120","6,300","102,433","162,279",36.20%,60.20%,R
TX-26,"141,470",0,"116,944","24,526","80,828","177,941",0%,82.70%,R
TX-27,"131,047","44,152","83,342","3,553","83,158","131,821",33.70%,63.60%,R
TX-28,"76,136","62,508",0,"13,628","101,843","65,372",82.10%,0%,D
TX-29,"46,143","41,321",0,"4,822","75,720","37,909",89.50%,0%,D
TX-30,"105,793","93,041",0,"12,752","175,637","43,333",87.90%,0%,D
TX-31,"143,028","45,715","91,607","5,706","92,842","144,634",32.00%,64.00%,R
TX-32,"156,096","55,325","96,495","4,276","106,563","146,420",35.40%,61.80%,R
TX-33,"50,592","43,769",0,"6,823","86,686","32,641",86.50%,0%,D
TX-34,"79,877","47,503","30,811","1,563","90,885","57,303",59.50%,38.60%,D
TX-35,"96,225","60,124","32,040","4,061","105,545","57,989",62.50%,33.30%,D
TX-36,"133,842","29,543","101,663","2,636","61,786","175,883",22.10%,76.00%,R
UT-01,"130,341","36,422","84,231","9,688","51,098","193,672",27.90%,64.60%,R
UT-02,"144,695","47,585","88,915","8,195","74,556","173,513",32.90%,61.40%,R
UT-03,"142,580","32,059","102,952","7,569","51,791","208,121",22.50%,72.20%,R
UT-04,"147,168","67,425","74,936","4,807","74,368","165,294",45.80%,50.90%,R
VT-AL,"191,504","123,349","59,432","8,723","199,239","92,698",64.40%,31.00%,D
VA-01,"209,621","72,059","131,861","5,701","166,510","193,647",34.40%,62.90%,R
VA-02,"173,060","71,178","101,558",324,"159,695","154,935",41.10%,58.70%,R
VA-03,"147,402","139,197",0,"8,205","262,265","66,391",94.40%,0%,D
VA-04,"200,638","75,270","120,684","4,684","176,311","181,265",37.50%,60.20%,R
VA-05,"204,945","73,482","124,735","6,728","164,555","188,485",35.90%,60.90%,R
VA-06,"179,708",0,"133,898","45,810","132,153","197,045",0%,74.50%,R
VA-07,"243,351","89,914","148,026","5,411","163,331","222,915",36.90%,60.80%,R
VA-08,"203,076","128,102","63,810","11,164","243,746","111,518",63.10%,31.40%,D
VA-09,"162,815",0,"117,465","45,350","108,641","196,354",0%,72.10%,R
VA-10,"222,910","89,957","125,914","7,039","182,432","186,650",40.40%,56.50%,R
VA-11,"187,805","106,780","75,796","5,229","212,181","123,317",56.90%,40.40%,D
WA-01,"225,579","124,151","101,428",0,"183,802","147,074",55.00%,45.00%,D
WA-02,"201,691","122,173","79,518",0,"185,771","119,266",60.60%,39.40%,D
WA-03,"202,814","78,018","124,796",0,"145,442","150,409",38.50%,61.50%,R
WA-04,"153,079",0,"153,079",0,"90,612","142,741",0%,100%,R
WA-05,"223,242","87,772","135,470",0,"137,771","168,671",39.30%,60.70%,R
WA-06,"224,290","141,265","83,025",0,"184,820","135,573",63.00%,37.00%,D
WA-07,"251,875","203,954","47,921",0,"310,828","70,973",81.00%,19.00%,D
WA-08,"198,744","73,003","125,741",0,"155,982","151,069",36.70%,63.30%,R
WA-09,"166,794","118,132","48,662",0,"195,863","84,828",70.80%,29.20%,D
WA-10,"181,492","99,279","82,213",0,"164,505","120,066",54.70%,45.30%,D
WV-01,"143,685","51,842","91,843",0,"81,017","141,736",36.10%,63.90%,R
WV-02,"153,092","67,210","72,042","13,840","89,079","140,783",43.90%,47.10%,R
WV-03,"139,681","62,418","77,263",0,"68,173","135,136",44.70%,55.30%,R
WI-01,"288,170","105,552","182,316",302,"179,872","195,835",36.60%,63.30%,R
WI-02,"328,847","224,920","103,619",308,"284,084","126,688",68.40%,31.50%,D
WI-03,"275,161","155,368","119,540",253,"199,188","159,205",56.50%,43.40%,D
WI-04,"254,892","179,045","68,490","7,357","268,440","84,751",70.20%,26.90%,D
WI-05,"332,826","101,190","231,160",476,"158,226","257,017",30.40%,69.50%,R
WI-06,"299,033","122,212","169,767","7,054","174,988","202,979",40.90%,56.80%,R
WI-07,"286,603","112,949","169,891","3,763","178,841","190,364",39.40%,59.30%,R
WI-08,"290,048","101,345","188,553",150,"177,346","191,127",34.90%,65.00%,R
WY-AL,"165,100","37,803","113,038","14,259","69,286","170,962",22.90%,68.50%,R